[{
    "id": 3,
    "type": "1001",
    "t_name": "定位不准",
    "deleted": 0,
    "created_at": "2018-03-28 09:24:02",
    "updated_at": "2018-05-03 09:05:30",
    "deleted_at": 0
  }, {
    "id": 4,
    "type": "1002",
    "t_name": "定位时间长",
    "deleted": 0,
    "created_at": "2018-05-03 09:05:44",
    "updated_at": "2018-05-03 00:00:00",
    "deleted_at": 0
  }, {
    "id": 5,
    "type": "1003",
    "t_name": "出口信息少",
    "deleted": 0,
    "created_at": "2018-05-03 09:06:05",
    "updated_at": "2018-05-03 00:00:00",
    "deleted_at": 0
  }, {
    "id": 6,
    "type": "1004",
    "t_name": "支持场地少",
    "deleted": 0,
    "created_at": "2018-05-03 09:06:20",
    "updated_at": "2018-05-03 00:00:00",
    "deleted_at": 0
  }, {
    "id": 7,
    "type": "1005",
    "t_name": "功能太少",
    "deleted": 0,
    "created_at": "2018-05-03 09:06:33",
    "updated_at": "2018-05-03 00:00:00",
    "deleted_at": 0
  }, {
    "id": 8,
    "type": "1006",
    "t_name": "操作不方便",
    "deleted": 0,
    "created_at": "2018-05-03 09:06:47",
    "updated_at": "2018-05-03 00:00:00",
    "deleted_at": 0
  }, {
    "id": 9,
    "type": "1007",
    "t_name": "手机不兼容",
    "deleted": 0,
    "created_at": "2018-05-03 09:07:00",
    "updated_at": "2018-05-03 00:00:00",
    "deleted_at": 0
  }, {
    "id": 10,
    "type": "1008",
    "t_name": "其他",
    "deleted": 0,
    "created_at": "2018-05-03 09:07:14",
    "updated_at": "2018-05-03 00:00:00",
    "deleted_at": 0
  }]