[{
  "id": 3,
  "type": "1003",
  "t_name": "出口信息少",
  "deleted": 0,
  "created_at": "2018-03-07 06:55:56",
  "updated_at": "2018-03-15 03:05:00",
  "deleted_at": 20180307065805
}, {
  "id": 4,
  "type": "1002",
  "t_name": "定位时间长",
  "deleted": 0,
  "created_at": "2018-03-14 04:41:30",
  "updated_at": "2018-03-15 03:04:51",
  "deleted_at": 0
}, {
  "id": 5,
  "type": "1001",
  "t_name": "定位不准",
  "deleted": 0,
  "created_at": "2018-03-14 04:41:43",
  "updated_at": "2018-03-15 03:04:40",
  "deleted_at": 0
}, {
  "id": 6,
  "type": "1004",
  "t_name": "支持场地少",
  "deleted": 0,
  "created_at": "2018-03-15 03:05:19",
  "updated_at": "2018-03-15 15:05:19",
  "deleted_at": 0
}, {
  "id": 7,
  "type": "1005",
  "t_name": "功能太少",
  "deleted": 0,
  "created_at": "2018-03-15 03:05:37",
  "updated_at": "2018-03-15 15:05:37",
  "deleted_at": 0
}, {
  "id": 8,
  "type": "1006",
  "t_name": "操作不方便",
  "deleted": 0,
  "created_at": "2018-03-15 03:06:00",
  "updated_at": "2018-03-26 04:11:20",
  "deleted_at": 0
}, {
  "id": 9,
  "type": "1007",
  "t_name": "手机不兼容",
  "deleted": 0,
  "created_at": "2018-03-15 03:07:30",
  "updated_at": "2018-03-15 15:07:30",
  "deleted_at": 0
}, {
  "id": 10,
  "type": "1008",
  "t_name": "其他",
  "deleted": 0,
  "created_at": "2018-03-21 03:31:09",
  "updated_at": "2018-03-21 03:31:24",
  "deleted_at": 0
}]